PCODE,NAME,ST_PCODE,FILL_COLOR,BORDER_COLOR,BORDER_WIDTH,LABEL,CATEGORY,LABEL_COLOR,DESCRIPTION
MMR017008,Hinthada,MMR017,#66BB6A,#2E7D32,1.5,Hinthada,Coastal,#333333,
MMR017013,Ingapu,MMR017,#66BB6A,#2E7D32,1.5,Ingapu,Coastal,#333333,
MMR017012,Kyangin,MMR017,#66BB6A,#2E7D32,1.5,Kyangin,Coastal,#333333,
MMR017010,Lemyethna,MMR017,#66BB6A,#2E7D32,1.5,Lemyethna,Coastal,#333333,
MMR017011,Myanaung,MMR017,#66BB6A,#2E7D32,1.5,Myanaung,Coastal,#333333,
MMR017009,Zalun,MMR017,#66BB6A,#2E7D32,1.5,Zalun,Coastal,#333333,
MMR017016,Labutta,MMR017,#66BB6A,#2E7D32,1.5,Labutta,Coastal,#333333,
MMR017018,Mawlamyinegyun,MMR017,#66BB6A,#2E7D32,1.5,Mawlamyinegyun,Coastal,#333333,
MMR017022,Danubyu,MMR017,#66BB6A,#2E7D32,1.5,Danubyu,Coastal,#333333,
MMR017019,Maubin,MMR017,#66BB6A,#2E7D32,1.5,Maubin,Coastal,#333333,
MMR017021,Nyaungdon,MMR017,#66BB6A,#2E7D32,1.5,Nyaungdon,Coastal,#333333,
MMR017020,Pantanaw,MMR017,#66BB6A,#2E7D32,1.5,Pantanaw,Coastal,#333333,
MMR017015,Einme,MMR017,#66BB6A,#2E7D32,1.5,Einme,Coastal,#333333,
MMR017014,Myaungmya,MMR017,#66BB6A,#2E7D32,1.5,Myaungmya,Coastal,#333333,
MMR017017,Wakema,MMR017,#66BB6A,#2E7D32,1.5,Wakema,Coastal,#333333,
MMR017002,Kangyidaunt,MMR017,#66BB6A,#2E7D32,1.5,Kangyidaunt,Coastal,#333333,
MMR017006,Yegyi,MMR017,#66BB6A,#2E7D32,1.5,Yegyi,Coastal,#333333,
MMR017024,Bogale,MMR017,#66BB6A,#2E7D32,1.5,Bogale,Coastal,#333333,
MMR017026,Dedaye,MMR017,#66BB6A,#2E7D32,1.5,Dedaye,Coastal,#333333,
MMR017025,Kyaiklat,MMR017,#66BB6A,#2E7D32,1.5,Kyaiklat,Coastal,#333333,
MMR017023,Pyapon,MMR017,#66BB6A,#2E7D32,1.5,Pyapon,Coastal,#333333,
MMR007001,Bago,MMR007,,,1.5,Bago,,#333333,
MMR007007,Daik-U,MMR007,,,1.5,Daik-U,,#333333,
MMR007003,Kawa,MMR007,,,1.5,Kawa,,#333333,
MMR007006,Kyauktaga,MMR007,,,1.5,Kyauktaga,,#333333,
MMR007014,Htantabin,MMR007,,,1.5,Htantabin,,#333333,
MMR007011,Kyaukkyi,MMR007,,,1.5,Kyaukkyi,,#333333,
MMR007013,Oktwin,MMR007,,,1.5,Oktwin,,#333333,
MMR007012,Phyu,MMR007,,,1.5,Phyu,,#333333,
MMR007009,Taungoo,MMR007,,,1.5,Taungoo,,#333333,
MMR007010,Yedashe,MMR007,,,1.5,Yedashe,,#333333,
MMR008003,Padaung,MMR008,,,1.5,Padaung,,#333333,
MMR017007,Kyaunggon,MMR017,#66BB6A,#2E7D32,1.5,Kyaunggon,Coastal,#333333,
MMR017005,Kyonpyaw,MMR017,#66BB6A,#2E7D32,1.5,Kyonpyaw,Coastal,#333333,
MMR017004,Ngapudaw,MMR017,#66BB6A,#2E7D32,1.5,Ngapudaw,Coastal,#333333,
MMR017001,Pathein,MMR017,#66BB6A,#2E7D32,1.5,Pathein,Coastal,#333333,
MMR017003,Thabaung,MMR017,#66BB6A,#2E7D32,1.5,Thabaung,Coastal,#333333,
MMR007005,Nyaunglebin,MMR007,,,1.5,Nyaunglebin,,#333333,
MMR007008,Shwegyin,MMR007,,,1.5,Shwegyin,,#333333,
MMR007002,Thanatpin,MMR007,,,1.5,Thanatpin,,#333333,
MMR008002,Paukkhaung,MMR008,,,1.5,Paukkhaung,,#333333,
MMR008004,Paungde,MMR008,,,1.5,Paungde,,#333333,
MMR007004,Waw,MMR007,,,1.5,Waw,,#333333,
MMR004002,Hakha,MMR004,#BDBDBD,#616161,1.5,Hakha,Highland,#333333,
MMR004003,Thantlang,MMR004,#BDBDBD,#616161,1.5,Thantlang,Highland,#333333,
MMR004007,Matupi,MMR004,#BDBDBD,#616161,1.5,Matupi,Highland,#333333,
MMR004009,Paletwa,MMR004,#BDBDBD,#616161,1.5,Paletwa,Highland,#333333,
MMR004008,Kanpetlet,MMR004,#BDBDBD,#616161,1.5,Kanpetlet,Highland,#333333,
MMR004006,Mindat,MMR004,#BDBDBD,#616161,1.5,Mindat,Highland,#333333,
MMR001010,Bhamo,MMR001,#26C6DA,#00838F,1.5,Bhamo,Border Area,#333333,
MMR001013,Mansi,MMR001,#26C6DA,#00838F,1.5,Mansi,Border Area,#333333,
MMR001012,Momauk,MMR001,#26C6DA,#00838F,1.5,Momauk,Border Area,#333333,
MMR001011,Shwegu,MMR001,#26C6DA,#00838F,1.5,Shwegu,Border Area,#333333,
MMR001009,Hpakant,MMR001,#26C6DA,#00838F,1.5,Hpakant,Border Area,#333333,
MMR001008,Mogaung,MMR001,#26C6DA,#00838F,1.5,Mogaung,Border Area,#333333,
MMR001007,Mohnyin,MMR001,#26C6DA,#00838F,1.5,Mohnyin,Border Area,#333333,
MMR001005,Chipwi,MMR001,#26C6DA,#00838F,1.5,Chipwi,Border Area,#333333,
MMR001003,Injangyang,MMR001,#26C6DA,#00838F,1.5,Injangyang,Border Area,#333333,
MMR001001,Myitkyina,MMR001,#26C6DA,#00838F,1.5,Myitkyina,Border Area,#333333,
MMR008001,Pyay,MMR008,,,1.5,Pyay,,#333333,
MMR001004,Tanai,MMR001,#26C6DA,#00838F,1.5,Tanai,Border Area,#333333,
MMR008006,Shwedaung,MMR008,,,1.5,Shwedaung,,#333333,
MMR001016,Machanbaw,MMR001,#26C6DA,#00838F,1.5,Machanbaw,Border Area,#333333,
MMR001017,Nawngmun,MMR001,#26C6DA,#00838F,1.5,Nawngmun,Border Area,#333333,
MMR001014,Puta-O,MMR001,#26C6DA,#00838F,1.5,Puta-O,Border Area,#333333,
MMR001015,Sumprabum,MMR001,#26C6DA,#00838F,1.5,Sumprabum,Border Area,#333333,
MMR010004,Chanmyathazi,MMR010,#42A5F5,#1565C0,1.5,Chanmyathazi,Development Zone,#333333,
MMR008005,Thegon,MMR008,,,1.5,Thegon,,#333333,
MMR008014,Gyobingauk,MMR008,,,1.5,Gyobingauk,,#333333,
MMR008008,Letpadan,MMR008,,,1.5,Letpadan,,#333333,
MMR002001,Loikaw,MMR002,#BDBDBD,#616161,1.5,Loikaw,Highland,#333333,
MMR002004,Shadaw,MMR002,#BDBDBD,#616161,1.5,Shadaw,Highland,#333333,
MMR003002,Hlaingbwe,MMR003,#26C6DA,#00838F,1.5,Hlaingbwe,Border Area,#333333,
MMR003001,Hpa-An,MMR003,#26C6DA,#00838F,1.5,Hpa-An,Border Area,#333333,
MMR003004,Thandaunggyi,MMR003,#26C6DA,#00838F,1.5,Thandaunggyi,Border Area,#333333,
MMR003003,Hpapun,MMR003,#26C6DA,#00838F,1.5,Hpapun,Border Area,#333333,
MMR003006,Kawkareik,MMR003,#26C6DA,#00838F,1.5,Kawkareik,Border Area,#333333,
MMR003007,Kyainseikgyi,MMR003,#26C6DA,#00838F,1.5,Kyainseikgyi,Border Area,#333333,
MMR003005,Myawaddy,MMR003,#26C6DA,#00838F,1.5,Myawaddy,Border Area,#333333,
MMR009023,Gangaw,MMR009,#42A5F5,#1565C0,1.5,Gangaw,Development Zone,#333333,
MMR009025,Saw,MMR009,#42A5F5,#1565C0,1.5,Saw,Development Zone,#333333,
MMR008009,Minhla,MMR008,,,1.5,Minhla,,#333333,
MMR009006,Natmauk,MMR009,#42A5F5,#1565C0,1.5,Natmauk,Development Zone,#333333,
MMR008013,Monyo,MMR008,,,1.5,Monyo,,#333333,
MMR008012,Nattalin,MMR008,,,1.5,Nattalin,,#333333,
MMR008010,Okpho,MMR008,,,1.5,Okpho,,#333333,
MMR008007,Thayarwady,MMR008,,,1.5,Thayarwady,,#333333,
MMR009004,Taungdwingyi,MMR009,#42A5F5,#1565C0,1.5,Taungdwingyi,Development Zone,#333333,
MMR008011,Zigon,MMR008,,,1.5,Zigon,,#333333,
MMR004001,Falam,MMR004,#BDBDBD,#616161,1.5,Falam,Highland,#333333,
MMR004004,Tedim,MMR004,#BDBDBD,#616161,1.5,Tedim,Highland,#333333,
MMR010001,Aungmyaythazan,MMR010,#42A5F5,#1565C0,1.5,Aungmyaythazan,Development Zone,#333333,
MMR004005,Tonzang,MMR004,#BDBDBD,#616161,1.5,Tonzang,Highland,#333333,
MMR001006,Tsawlaw,MMR001,#26C6DA,#00838F,1.5,Tsawlaw,Border Area,#333333,
MMR001002,Waingmaw,MMR001,#26C6DA,#00838F,1.5,Waingmaw,Border Area,#333333,
MMR001018,Khaunglanhpu,MMR001,#26C6DA,#00838F,1.5,Khaunglanhpu,Border Area,#333333,
MMR002005,Bawlake,MMR002,#BDBDBD,#616161,1.5,Bawlake,Highland,#333333,
MMR002006,Hpasawng,MMR002,#BDBDBD,#616161,1.5,Hpasawng,Highland,#333333,
MMR002007,Mese,MMR002,#BDBDBD,#616161,1.5,Mese,Highland,#333333,
MMR010002,Chanayethazan,MMR010,#42A5F5,#1565C0,1.5,Chanayethazan,Development Zone,#333333,
MMR002002,Demoso,MMR002,#BDBDBD,#616161,1.5,Demoso,Highland,#333333,
MMR002003,Hpruso,MMR002,#BDBDBD,#616161,1.5,Hpruso,Highland,#333333,
MMR009024,Tilin,MMR009,#42A5F5,#1565C0,1.5,Tilin,Development Zone,#333333,
MMR009003,Chauk,MMR009,#42A5F5,#1565C0,1.5,Chauk,Development Zone,#333333,
MMR010003,Mahaaungmyay,MMR010,#42A5F5,#1565C0,1.5,Mahaaungmyay,Development Zone,#333333,
MMR010007,Patheingyi,MMR010,#42A5F5,#1565C0,1.5,Patheingyi,Development Zone,#333333,
MMR009001,Magway,MMR009,#42A5F5,#1565C0,1.5,Magway,Development Zone,#333333,
MMR009005,Myothit,MMR009,#42A5F5,#1565C0,1.5,Myothit,Development Zone,#333333,
MMR009002,Yenangyaung,MMR009,#42A5F5,#1565C0,1.5,Yenangyaung,Development Zone,#333333,
MMR009007,Minbu,MMR009,#42A5F5,#1565C0,1.5,Minbu,Development Zone,#333333,
MMR010023,Yamethin,MMR010,#42A5F5,#1565C0,1.5,Yamethin,Development Zone,#333333,
MMR009009,Ngape,MMR009,#42A5F5,#1565C0,1.5,Ngape,Development Zone,#333333,
MMR011002,Kyaikmaraw,MMR011,#66BB6A,#2E7D32,1.5,Kyaikmaraw,Coastal,#333333,
MMR011001,Mawlamyine,MMR011,#66BB6A,#2E7D32,1.5,Mawlamyine,Coastal,#333333,
MMR011005,Mudon,MMR011,#66BB6A,#2E7D32,1.5,Mudon,Coastal,#333333,
MMR011004,Thanbyuzayat,MMR011,#66BB6A,#2E7D32,1.5,Thanbyuzayat,Coastal,#333333,
MMR011006,Ye,MMR011,#66BB6A,#2E7D32,1.5,Ye,Coastal,#333333,
MMR009008,Pwintbyu,MMR009,#42A5F5,#1565C0,1.5,Pwintbyu,Development Zone,#333333,
MMR011010,Bilin,MMR011,#66BB6A,#2E7D32,1.5,Bilin,Coastal,#333333,
MMR009010,Salin,MMR009,#42A5F5,#1565C0,1.5,Salin,Development Zone,#333333,
MMR009011,Sidoktaya,MMR009,#42A5F5,#1565C0,1.5,Sidoktaya,Development Zone,#333333,
MMR009020,Myaing,MMR009,#42A5F5,#1565C0,1.5,Myaing,Development Zone,#333333,
MMR018003,Tatkon,MMR018,#42A5F5,#1565C0,1.5,Tatkon,Development Zone,#333333,
MMR018001,Zay Yar Thi Ri,MMR018,#42A5F5,#1565C0,1.5,Zay Yar Thi Ri,Development Zone,#333333,
MMR009018,Pakokku,MMR009,#42A5F5,#1565C0,1.5,Pakokku,Development Zone,#333333,
MMR012014,Ann,MMR012,#66BB6A,#2E7D32,1.5,Ann,Coastal,#333333,
MMR012011,Kyaukpyu,MMR012,#66BB6A,#2E7D32,1.5,Kyaukpyu,Coastal,#333333,
MMR012012,Munaung,MMR012,#66BB6A,#2E7D32,1.5,Munaung,Coastal,#333333,
MMR012013,Ramree,MMR012,#66BB6A,#2E7D32,1.5,Ramree,Coastal,#333333,
MMR012010,Buthidaung,MMR012,#66BB6A,#2E7D32,1.5,Buthidaung,Coastal,#333333,
MMR012009,Maungdaw,MMR012,#66BB6A,#2E7D32,1.5,Maungdaw,Coastal,#333333,
MMR012004,Kyauktaw,MMR012,#66BB6A,#2E7D32,1.5,Kyauktaw,Coastal,#333333,
MMR012005,Minbya,MMR012,#66BB6A,#2E7D32,1.5,Minbya,Coastal,#333333,
MMR012003,Mrauk-U,MMR012,#66BB6A,#2E7D32,1.5,Mrauk-U,Coastal,#333333,
MMR012006,Myebon,MMR012,#66BB6A,#2E7D32,1.5,Myebon,Coastal,#333333,
MMR012007,Pauktaw,MMR012,#66BB6A,#2E7D32,1.5,Pauktaw,Coastal,#333333,
MMR012002,Ponnagyun,MMR012,#66BB6A,#2E7D32,1.5,Ponnagyun,Coastal,#333333,
MMR012008,Rathedaung,MMR012,#66BB6A,#2E7D32,1.5,Rathedaung,Coastal,#333333,
MMR009021,Pauk,MMR009,#42A5F5,#1565C0,1.5,Pauk,Development Zone,#333333,
MMR009022,Seikphyu,MMR009,#42A5F5,#1565C0,1.5,Seikphyu,Development Zone,#333333,
MMR009019,Yesagyo,MMR009,#42A5F5,#1565C0,1.5,Yesagyo,Development Zone,#333333,
MMR009016,Aunglan,MMR009,#42A5F5,#1565C0,1.5,Aunglan,Development Zone,#333333,
MMR009015,Kamma,MMR009,#42A5F5,#1565C0,1.5,Kamma,Development Zone,#333333,
MMR009014,Mindon,MMR009,#42A5F5,#1565C0,1.5,Mindon,Development Zone,#333333,
MMR009013,Minhla,MMR009,#42A5F5,#1565C0,1.5,Minhla,Development Zone,#333333,
MMR009017,Sinbaungwe,MMR009,#42A5F5,#1565C0,1.5,Sinbaungwe,Development Zone,#333333,
MMR009012,Thayet,MMR009,#42A5F5,#1565C0,1.5,Thayet,Development Zone,#333333,
MMR010013,Kyaukse,MMR010,#42A5F5,#1565C0,1.5,Kyaukse,Development Zone,#333333,
MMR010015,Myittha,MMR010,#42A5F5,#1565C0,1.5,Myittha,Development Zone,#333333,
MMR010014,Sintgaing,MMR010,#42A5F5,#1565C0,1.5,Sintgaing,Development Zone,#333333,
MMR010016,Tada-U,MMR010,#42A5F5,#1565C0,1.5,Tada-U,Development Zone,#333333,
MMR010006,Amarapura,MMR010,#42A5F5,#1565C0,1.5,Amarapura,Development Zone,#333333,
MMR010005,Pyigyitagon,MMR010,#42A5F5,#1565C0,1.5,Pyigyitagon,Development Zone,#333333,
MMR005013,Budalin,MMR005,#26C6DA,#00838F,1.5,Budalin,Border Area,#333333,
MMR010029,Mahlaing,MMR010,#42A5F5,#1565C0,1.5,Mahlaing,Development Zone,#333333,
MMR016005,Mongla,MMR016,,,1.5,Mongla,,#333333,
MMR016007,Mongping,MMR016,,,1.5,Mongping,,#333333,
MMR016003,Mongyang,MMR016,,,1.5,Mongyang,,#333333,
MMR016006,Monghsat,MMR016,,,1.5,Monghsat,,#333333,
MMR016008,Mongton,MMR016,,,1.5,Mongton,,#333333,
MMR016010,Monghpyak,MMR016,,,1.5,Monghpyak,,#333333,
MMR016011,Mongyawng,MMR016,,,1.5,Mongyawng,,#333333,
MMR016009,Tachileik,MMR016,,,1.5,Tachileik,,#333333,
MMR015021,Hopang,MMR015,,,1.5,Hopang,,#333333,
MMR015008,Mongmao,MMR015,,,1.5,Mongmao,,#333333,
MMR010028,Meiktila,MMR010,#42A5F5,#1565C0,1.5,Meiktila,Development Zone,#333333,
MMR010030,Thazi,MMR010,#42A5F5,#1565C0,1.5,Thazi,Development Zone,#333333,
MMR010031,Wundwin,MMR010,#42A5F5,#1565C0,1.5,Wundwin,Development Zone,#333333,
MMR015004,Tangyan,MMR015,,,1.5,Tangyan,,#333333,
MMR015024,Matman,MMR015,,,1.5,Matman,,#333333,
MMR010017,Myingyan,MMR010,#42A5F5,#1565C0,1.5,Myingyan,Development Zone,#333333,
MMR010019,Natogyi,MMR010,#42A5F5,#1565C0,1.5,Natogyi,Development Zone,#333333,
MMR006008,Tanintharyi,MMR006,#66BB6A,#2E7D32,1.5,Tanintharyi,Coastal,#333333,
MMR010021,Ngazun,MMR010,#42A5F5,#1565C0,1.5,Ngazun,Development Zone,#333333,
MMR010018,Taungtha,MMR010,#42A5F5,#1565C0,1.5,Taungtha,Development Zone,#333333,
MMR010020,Kyaukpadaung,MMR010,#42A5F5,#1565C0,1.5,Kyaukpadaung,Development Zone,#333333,
MMR010022,Nyaung-U,MMR010,#42A5F5,#1565C0,1.5,Nyaung-U,Development Zone,#333333,
MMR010009,Madaya,MMR010,#42A5F5,#1565C0,1.5,Madaya,Development Zone,#333333,
MMR010011,Mogoke,MMR010,#42A5F5,#1565C0,1.5,Mogoke,Development Zone,#333333,
MMR010008,Pyinoolwin,MMR010,#42A5F5,#1565C0,1.5,Pyinoolwin,Development Zone,#333333,
MMR013017,Botahtaung,MMR013,#42A5F5,#1565C0,1.5,Botahtaung,Development Zone,#333333,
MMR013020,Dagon Myothit (East),MMR013,#42A5F5,#1565C0,1.5,Dagon Myothit (East),Development Zone,#333333,
MMR010010,Singu,MMR010,#42A5F5,#1565C0,1.5,Singu,Development Zone,#333333,
MMR010012,Thabeikkyin,MMR010,#42A5F5,#1565C0,1.5,Thabeikkyin,Development Zone,#333333,
MMR010024,Pyawbwe,MMR010,#42A5F5,#1565C0,1.5,Pyawbwe,Development Zone,#333333,
MMR011003,Chaungzon,MMR011,#66BB6A,#2E7D32,1.5,Chaungzon,Coastal,#333333,
MMR011009,Kyaikto,MMR011,#66BB6A,#2E7D32,1.5,Kyaikto,Coastal,#333333,
MMR011008,Paung,MMR011,#66BB6A,#2E7D32,1.5,Paung,Coastal,#333333,
MMR011007,Thaton,MMR011,#66BB6A,#2E7D32,1.5,Thaton,Coastal,#333333,
MMR018004,Det Khi Na Thi Ri,MMR018,#42A5F5,#1565C0,1.5,Det Khi Na Thi Ri,Development Zone,#333333,
MMR018007,Lewe,MMR018,#42A5F5,#1565C0,1.5,Lewe,Development Zone,#333333,
MMR018006,Pyinmana,MMR018,#42A5F5,#1565C0,1.5,Pyinmana,Development Zone,#333333,
MMR018002,Za Bu Thi Ri,MMR018,#42A5F5,#1565C0,1.5,Za Bu Thi Ri,Development Zone,#333333,
MMR018008,Oke Ta Ra Thi Ri,MMR018,#42A5F5,#1565C0,1.5,Oke Ta Ra Thi Ri,Development Zone,#333333,
MMR018005,Poke Ba Thi Ri,MMR018,#42A5F5,#1565C0,1.5,Poke Ba Thi Ri,Development Zone,#333333,
MMR012001,Sittwe,MMR012,#66BB6A,#2E7D32,1.5,Sittwe,Coastal,#333333,
MMR012017,Gwa,MMR012,#66BB6A,#2E7D32,1.5,Gwa,Coastal,#333333,
MMR012015,Thandwe,MMR012,#66BB6A,#2E7D32,1.5,Thandwe,Coastal,#333333,
MMR012016,Toungup,MMR012,#66BB6A,#2E7D32,1.5,Toungup,Coastal,#333333,
MMR005033,Hkamti,MMR005,#26C6DA,#00838F,1.5,Hkamti,Border Area,#333333,
MMR005034,Homalin,MMR005,#26C6DA,#00838F,1.5,Homalin,Border Area,#333333,
MMR005027,Kale,MMR005,#26C6DA,#00838F,1.5,Kale,Border Area,#333333,
MMR005028,Kalewa,MMR005,#26C6DA,#00838F,1.5,Kalewa,Border Area,#333333,
MMR005029,Mingin,MMR005,#26C6DA,#00838F,1.5,Mingin,Border Area,#333333,
MMR005007,Kanbalu,MMR005,#26C6DA,#00838F,1.5,Kanbalu,Border Area,#333333,
MMR005008,Kyunhla,MMR005,#26C6DA,#00838F,1.5,Kyunhla,Border Area,#333333,
MMR005023,Banmauk,MMR005,#26C6DA,#00838F,1.5,Banmauk,Border Area,#333333,
MMR005021,Indaw,MMR005,#26C6DA,#00838F,1.5,Indaw,Border Area,#333333,
MMR005020,Katha,MMR005,#26C6DA,#00838F,1.5,Katha,Border Area,#333333,
MMR005022,Tigyaing,MMR005,#26C6DA,#00838F,1.5,Tigyaing,Border Area,#333333,
MMR005024,Kawlin,MMR005,#26C6DA,#00838F,1.5,Kawlin,Border Area,#333333,
MMR005026,Pinlebu,MMR005,#26C6DA,#00838F,1.5,Pinlebu,Border Area,#333333,
MMR005025,Wuntho,MMR005,#26C6DA,#00838F,1.5,Wuntho,Border Area,#333333,
MMR005031,Mawlaik,MMR005,#26C6DA,#00838F,1.5,Mawlaik,Border Area,#333333,
MMR005032,Paungbyin,MMR005,#26C6DA,#00838F,1.5,Paungbyin,Border Area,#333333,
MMR005014,Ayadaw,MMR005,#26C6DA,#00838F,1.5,Ayadaw,Border Area,#333333,
MMR005015,Chaung-U,MMR005,#26C6DA,#00838F,1.5,Chaung-U,Border Area,#333333,
MMR013014,Dawbon,MMR013,#42A5F5,#1565C0,1.5,Dawbon,Development Zone,#333333,
MMR005012,Monywa,MMR005,#26C6DA,#00838F,1.5,Monywa,Border Area,#333333,
MMR005036,Lahe,MMR005,#26C6DA,#00838F,1.5,Lahe,Border Area,#333333,
MMR005035,Layshi,MMR005,#26C6DA,#00838F,1.5,Layshi,Border Area,#333333,
MMR005037,Nanyun,MMR005,#26C6DA,#00838F,1.5,Nanyun,Border Area,#333333,
MMR013035,Lanmadaw,MMR013,#42A5F5,#1565C0,1.5,Lanmadaw,Development Zone,#333333,
MMR005003,Myaung,MMR005,#26C6DA,#00838F,1.5,Myaung,Border Area,#333333,
MMR013036,Latha,MMR013,#42A5F5,#1565C0,1.5,Latha,Development Zone,#333333,
MMR013042,Mayangone,MMR013,#42A5F5,#1565C0,1.5,Mayangone,Development Zone,#333333,
MMR013034,Pabedan,MMR013,#42A5F5,#1565C0,1.5,Pabedan,Development Zone,#333333,
MMR005002,Myinmu,MMR005,#26C6DA,#00838F,1.5,Myinmu,Border Area,#333333,
MMR005001,Sagaing,MMR005,#26C6DA,#00838F,1.5,Sagaing,Border Area,#333333,
MMR005005,Khin-U,MMR005,#26C6DA,#00838F,1.5,Khin-U,Border Area,#333333,
MMR005004,Shwebo,MMR005,#26C6DA,#00838F,1.5,Shwebo,Border Area,#333333,
MMR005010,Tabayin,MMR005,#26C6DA,#00838F,1.5,Tabayin,Border Area,#333333,
MMR005011,Taze,MMR005,#26C6DA,#00838F,1.5,Taze,Border Area,#333333,
MMR005006,Wetlet,MMR005,#26C6DA,#00838F,1.5,Wetlet,Border Area,#333333,
MMR005009,Ye-U,MMR005,#26C6DA,#00838F,1.5,Ye-U,Border Area,#333333,
MMR005030,Tamu,MMR005,#26C6DA,#00838F,1.5,Tamu,Border Area,#333333,
MMR005017,Kani,MMR005,#26C6DA,#00838F,1.5,Kani,Border Area,#333333,
MMR005019,Pale,MMR005,#26C6DA,#00838F,1.5,Pale,Border Area,#333333,
MMR005018,Salingyi,MMR005,#26C6DA,#00838F,1.5,Salingyi,Border Area,#333333,
MMR005016,Yinmarbin,MMR005,#26C6DA,#00838F,1.5,Yinmarbin,Border Area,#333333,
MMR016001,Kengtung,MMR016,,,1.5,Kengtung,,#333333,
MMR016002,Mongkhet,MMR016,,,1.5,Mongkhet,,#333333,
MMR015007,Pangwaun,MMR015,,,1.5,Pangwaun,,#333333,
MMR015023,Konkyan,MMR015,,,1.5,Konkyan,,#333333,
MMR015022,Laukkaing,MMR015,,,1.5,Laukkaing,,#333333,
MMR015014,Hsipaw,MMR015,,,1.5,Hsipaw,,#333333,
MMR015012,Kyaukme,MMR015,,,1.5,Kyaukme,,#333333,
MMR015015,Namtu,MMR015,,,1.5,Namtu,,#333333,
MMR015013,Nawnghkio,MMR015,,,1.5,Nawnghkio,,#333333,
MMR015002,Hseni,MMR015,,,1.5,Hseni,,#333333,
MMR015020,Kunlong,MMR015,,,1.5,Kunlong,,#333333,
MMR015001,Lashio,MMR015,,,1.5,Lashio,,#333333,
MMR015003,Mongyai,MMR015,,,1.5,Mongyai,,#333333,
MMR015006,Narphan,MMR015,,,1.5,Narphan,,#333333,
MMR015005,Pangsang (Panghkam),MMR015,,,1.5,Pangsang (Panghkam),,#333333,
MMR015018,Mabein,MMR015,,,1.5,Mabein,,#333333,
MMR015017,Mongmit,MMR015,,,1.5,Mongmit,,#333333,
MMR015011,Kutkai,MMR015,,,1.5,Kutkai,,#333333,
MMR015009,Muse,MMR015,,,1.5,Muse,,#333333,
MMR015010,Namhkan,MMR015,,,1.5,Namhkan,,#333333,
MMR015019,Manton,MMR015,,,1.5,Manton,,#333333,
MMR015016,Namhsan,MMR015,,,1.5,Namhsan,,#333333,
MMR014006,Pindaya,MMR014,,,1.5,Pindaya,,#333333,
MMR014007,Ywangan,MMR014,,,1.5,Ywangan,,#333333,
MMR014018,Langkho,MMR014,,,1.5,Langkho,,#333333,
MMR014020,Mawkmai,MMR014,,,1.5,Mawkmai,,#333333,
MMR014019,Mongnai,MMR014,,,1.5,Mongnai,,#333333,
MMR014021,Mongpan,MMR014,,,1.5,Mongpan,,#333333,
MMR014014,Kunhing,MMR014,,,1.5,Kunhing,,#333333,
MMR014015,Kyethi,MMR014,,,1.5,Kyethi,,#333333,
MMR014012,Laihka,MMR014,,,1.5,Laihka,,#333333,
MMR014011,Loilen,MMR014,,,1.5,Loilen,,#333333,
MMR014017,Monghsu,MMR014,,,1.5,Monghsu,,#333333,
MMR014016,Mongkaing,MMR014,,,1.5,Mongkaing,,#333333,
MMR014013,Nansang,MMR014,,,1.5,Nansang,,#333333,
MMR014003,Hopong,MMR014,,,1.5,Hopong,,#333333,
MMR014004,Hsihseng,MMR014,,,1.5,Hsihseng,,#333333,
MMR014009,Pinlaung,MMR014,,,1.5,Pinlaung,,#333333,
MMR014005,Kalaw,MMR014,,,1.5,Kalaw,,#333333,
MMR014008,Lawksawk,MMR014,,,1.5,Lawksawk,,#333333,
MMR014002,Nyaungshwe,MMR014,,,1.5,Nyaungshwe,,#333333,
MMR014010,Pekon,MMR014,,,1.5,Pekon,,#333333,
MMR014001,Taunggyi,MMR014,,,1.5,Taunggyi,,#333333,
MMR006001,Dawei,MMR006,#66BB6A,#2E7D32,1.5,Dawei,Coastal,#333333,
MMR006002,Launglon,MMR006,#66BB6A,#2E7D32,1.5,Launglon,Coastal,#333333,
MMR006003,Thayetchaung,MMR006,#66BB6A,#2E7D32,1.5,Thayetchaung,Coastal,#333333,
MMR006004,Yebyu,MMR006,#66BB6A,#2E7D32,1.5,Yebyu,Coastal,#333333,
MMR006010,Bokpyin,MMR006,#66BB6A,#2E7D32,1.5,Bokpyin,Coastal,#333333,
MMR006009,Kawthoung,MMR006,#66BB6A,#2E7D32,1.5,Kawthoung,Coastal,#333333,
MMR006006,Kyunsu,MMR006,#66BB6A,#2E7D32,1.5,Kyunsu,Coastal,#333333,
MMR006005,Myeik,MMR006,#66BB6A,#2E7D32,1.5,Myeik,Coastal,#333333,
MMR006007,Palaw,MMR006,#66BB6A,#2E7D32,1.5,Palaw,Coastal,#333333,
MMR013019,Dagon Myothit (North),MMR013,#42A5F5,#1565C0,1.5,Dagon Myothit (North),Development Zone,#333333,
MMR013021,Dagon Myothit (Seikkan),MMR013,#42A5F5,#1565C0,1.5,Dagon Myothit (Seikkan),Development Zone,#333333,
MMR013018,Dagon Myothit (South),MMR013,#42A5F5,#1565C0,1.5,Dagon Myothit (South),Development Zone,#333333,
MMR013022,Mingalartaungnyunt,MMR013,#42A5F5,#1565C0,1.5,Mingalartaungnyunt,Development Zone,#333333,
MMR013012,North Okkalapa,MMR013,#42A5F5,#1565C0,1.5,North Okkalapa,Development Zone,#333333,
MMR013016,Pazundaung,MMR013,#42A5F5,#1565C0,1.5,Pazundaung,Development Zone,#333333,
MMR013011,South Okkalapa,MMR013,#42A5F5,#1565C0,1.5,South Okkalapa,Development Zone,#333333,
MMR013010,Yankin,MMR013,#42A5F5,#1565C0,1.5,Yankin,Development Zone,#333333,
MMR013015,Tamwe,MMR013,#42A5F5,#1565C0,1.5,Tamwe,Development Zone,#333333,
MMR013002,Mingaladon,MMR013,#42A5F5,#1565C0,1.5,Mingaladon,Development Zone,#333333,
MMR013007,Shwepyithar,MMR013,#42A5F5,#1565C0,1.5,Shwepyithar,Development Zone,#333333,
MMR013005,Taikkyi,MMR013,#42A5F5,#1565C0,1.5,Taikkyi,Development Zone,#333333,
MMR013013,Thaketa,MMR013,#42A5F5,#1565C0,1.5,Thaketa,Development Zone,#333333,
MMR013031,Seikgyikanaungto,MMR013,#42A5F5,#1565C0,1.5,Seikgyikanaungto,Development Zone,#333333,
MMR013009,Thingangyun,MMR013,#42A5F5,#1565C0,1.5,Thingangyun,Development Zone,#333333,
MMR013023,Thanlyin,MMR013,#42A5F5,#1565C0,1.5,Thanlyin,Development Zone,#333333,
MMR013025,Thongwa,MMR013,#42A5F5,#1565C0,1.5,Thongwa,Development Zone,#333333,
MMR013027,Twantay,MMR013,#42A5F5,#1565C0,1.5,Twantay,Development Zone,#333333,
MMR013046,Hlaingtharya (East),MMR013,#42A5F5,#1565C0,1.5,Hlaingtharya (East),Development Zone,#333333,
MMR013047,Hlaingtharya (West),MMR013,#42A5F5,#1565C0,1.5,Hlaingtharya (West),Development Zone,#333333,
MMR013004,Hlegu,MMR013,#42A5F5,#1565C0,1.5,Hlegu,Development Zone,#333333,
MMR013003,Hmawbi,MMR013,#42A5F5,#1565C0,1.5,Hmawbi,Development Zone,#333333,
MMR013006,Htantabin,MMR013,#42A5F5,#1565C0,1.5,Htantabin,Development Zone,#333333,
MMR013001,Insein,MMR013,#42A5F5,#1565C0,1.5,Insein,Development Zone,#333333,
MMR013032,Cocokyun,MMR013,#42A5F5,#1565C0,1.5,Cocokyun,Development Zone,#333333,
MMR013037,Ahlone,MMR013,#42A5F5,#1565C0,1.5,Ahlone,Development Zone,#333333,
MMR013030,Dala,MMR013,#42A5F5,#1565C0,1.5,Dala,Development Zone,#333333,
MMR013028,Kawhmu,MMR013,#42A5F5,#1565C0,1.5,Kawhmu,Development Zone,#333333,
MMR013026,Kayan,MMR013,#42A5F5,#1565C0,1.5,Kayan,Development Zone,#333333,
MMR013033,Kyauktada,MMR013,#42A5F5,#1565C0,1.5,Kyauktada,Development Zone,#333333,
MMR013029,Kungyangon,MMR013,#42A5F5,#1565C0,1.5,Kungyangon,Development Zone,#333333,
MMR013024,Kyauktan,MMR013,#42A5F5,#1565C0,1.5,Kyauktan,Development Zone,#333333,
MMR013044,Bahan,MMR013,#42A5F5,#1565C0,1.5,Bahan,Development Zone,#333333,
MMR013043,Dagon,MMR013,#42A5F5,#1565C0,1.5,Dagon,Development Zone,#333333,
MMR013038,Kyeemyindaing,MMR013,#42A5F5,#1565C0,1.5,Kyeemyindaing,Development Zone,#333333,
MMR013040,Hlaing,MMR013,#42A5F5,#1565C0,1.5,Hlaing,Development Zone,#333333,
MMR013041,Kamaryut,MMR013,#42A5F5,#1565C0,1.5,Kamaryut,Development Zone,#333333,
MMR013039,Sanchaung,MMR013,#42A5F5,#1565C0,1.5,Sanchaung,Development Zone,#333333,
